Date,Type,Category,Amount
2026-03-01,Credit,Salary,5000
2026-03-02,Debit,Groceries,150
2026-03-05,Debit,Utilities,200
2026-03-10,Debit,Entertainment,100
2026-03-12,Credit,Freelance,800
2026-03-13,Debit,Groceries,320
2026-03-15,Debit,Dining,75
2026-03-18,Debit,Transport,60
2026-03-20,Debit,Entertainment,250
2026-03-22,Debit,Utilities,180
2026-03-25,Debit,Groceries,140
2026-03-28,Debit,Insurance,400
2026-04-02,Debit,Rent,1200
2026-04-05,Credit,Salary,5000
2026-04-07,Debit,Groceries,210
2026-04-09,Debit,Entertainment,90
2026-04-11,Debit,Dining,120